name	type
Boo	language
Dylan	language
Factor	language
Gosu	language
Mirah	language
Nemerle	language
Nu	language
Parrot	language
Self	language
boo-extensions	repository
cubed	repository
unityscript	repository
modelisation_domotique	repository
BooInspector	repository
boo-network-util	repository
rolling-santa	repository
euler	repository
epimarket	repository
spaceboulders	repository
euler	repository
DICOM-DSL	repository
boojay	repository
mynote	repository
UUnit	repository
tools	repository
search	repository
dojo_dnasp_26_05_11	repository
devmedia	repository
XmlMapper	repository
K-on	repository
Boospec	repository
boo-md-addins	repository
SmallWorld	repository
Boobel	repository
Hulk	repository
Deckbuild	repository
hornget	repository
SoundBlossom	repository
Dotpack	repository
rocketbot	repository
Think_Stats	repository
opendylan	repository
sandbox	repository
doctower	repository
command-line-parser	repository
RRB-Vector-in-Dylan	repository
gmp-numbers	repository
cat	repository
Persistent-Vector-in-Dylan	repository
gwydion	repository
dpm	repository
clang-dylan	repository
template-engine	repository
coset	repository
http	repository
network-night-vision	repository
strings	repository
gui-testworks	repository
uv-dylan	repository
database	repository
amicable	repository
regular-expressions	repository
monday	repository
typed-opendylan-dylan	repository
peg-parser	repository
xml-parser	repository
coil	repository
wiki	repository
opendylan.org	repository
uri	repository
web-ide-backend	repository
json	repository
FogFreeze	repository
6805	repository
fFolders	repository
re-factor	repository
factor	repository
fSmartCopy	repository
Free-Project	repository
FactorWork	repository
fACL	repository
factcheck	repository
factor-explain	repository
factor-pcrelib	repository
fDropbox	repository
fDavec	repository
fShell	repository
magog	repository
factor-m2	repository
FewWords	repository
giplayer	repository
birthday	repository
ftgl	repository
fluidinfo	repository
factor-work	repository
fsm	repository
facsimile	repository
factor-machine	repository
factor-zeromq	repository
weblog	repository
tgkuo	repository
papier	repository
qr-codes	repository
arc4	repository
tv	repository
Wiimote	repository
factor-xbee	repository
x6j8x-factor-utils	repository
factor-rdf	repository
GosuDoc	repository
whyteboard-site	repository
ronin	repository
ronin-coffee	repository
romail	repository
p4tools	repository
log-monitor	repository
poc	repository
edge_app	repository
rosettacode.org-gosu-snippets	repository
XML-Demo	repository
gosu-example-servlet	repository
GithubOnGosu	repository
bookzen	repository
GosuDemo	repository
roninWS	repository
Jira2AgileZen	repository
mywork	repository
Inno	repository
CursoGrails	repository
TaxManager	repository
grailsfb	repository
mydwich	repository
grailsTeste	repository
ncs-secure-mail	repository
cmart	repository
OZMNESS	repository
iCar	repository
WebTax	repository
Gunshorten	repository
NonDomainClassSearchable	repository
RaceTrack	repository
grails-shiro-ui	repository
malloc	repository
crazydrivers2	repository
mateoRRHH	repository
GNote	repository
Linksharing	repository
apiTest	repository
trip-planner	repository
Vestibular	repository
elasticsearch-grails-demo	repository
shortener	repository
yana	repository
TopTeams	repository
testapp	repository
SmartSupport	repository
summitbid-coach	repository
gosu-git	repository
TV-Director	repository
bayes-android	repository
androiddominion	repository
firebugz	repository
DubiousHomepage	repository
dubious	repository
shatner	repository
expect	repository
mirah-guide	repository
polyglot-mr-jobs	repository
mmeta	repository
upordown	repository
android-sudoku-mirah	repository
pindah-mirah-parsing-error	repository
buildr-mirah-example	repository
login.app	repository
mirah-mergesort	repository
msl	repository
mirah_book	repository
Garrett	repository
ohai-android	repository
mirah-hello	repository
vuvuzela-mirah-android	repository
Duby-Genre-Fiction-Generator-200	repository
nemerle	repository
ParserGenerator	repository
flib	repository
Nemerle.Statechart	repository
Yuriy-s-Course-Paper-Project	repository
Zdb	repository
IssuesGet	repository
Tao	repository
monax_example_double_twice	repository
productionassets	repository
buildjs	repository
objectexpr	repository
HExpect	repository
Nemerle-Articles	repository
RealTime	repository
manpages-zh	repository
DocBrowser	repository
Netronome	repository
NProjectReferenceCorrector	repository
haxeumlgen	repository
haxe-beginner	repository
TinyAcc	repository
NuMarkup	repository
draco	repository
simple-build-tool.tmbundle	repository
Vico	repository
pointy-haired-boss.tmbundle	repository
vico-fill-in-the-blanks.tmbundle	repository
programmingnu	repository
LOOP	repository
Vico	repository
NuASIHTTPRequest	repository
nucco	repository
NuUUID	repository
nuopenglcubedemo	repository
stable	repository
sheme_baton	repository
nu_minicallcc	repository
nutils	repository
nuspec	repository
nubdd	repository
NuPostgreSQL	repository
doxycleanapp	repository
nudatadetector	repository
nu_let_over_lambda	repository
fowler_dsl	repository
downloadgooglebooks	repository
nom	repository
thenupill	repository
nubonjour	repository
nuacorn	repository
nuki	repository
heimatmac	repository
cocoa-programming-with-nu	repository
nugraphdraw	repository
critex	repository
nug	repository
nutitlecase	repository
numinder	repository
applescripttodictionarywithnutoo	repository
nusmartypants	repository
nugit	repository
numarkdown	repository
nupagepacker	repository
nqp	repository
cardinal	repository
RubyOnParrotVM	repository
parrot-libgit2	repository
projects	repository
partcl	repository
winxed	repository
parrot-gmp	repository
lua-batteries	repository
digest-dynpmcs	repository
parrot-lgp	repository
smart-in-pir	repository
ohm-eta-wink-kzd	repository
self	repository
First-Program	repository
fail0verflow2	repository
PSL1GHT-Graphical-Game-Lib	repository
klein	repository
230475	user
77500	user
7sharp9	user
8byte-jose	user
aausch	user
abeaumont	user
abscondment	user
ace-subido	user
acreeger	user
AdamSpitz	user
adrianoc	user
aesptux	user
AfricaEOL	user
ajvondrak	user
akeefer	user
alatypov	user
Alekssasho	user
alg	user
alsimoes	user
alucardzom	user
am2605	user
andreas23	user
andremedeiros	user
andrewschleifer	user
angelluis28039	user
anonimokoko	user
asolove	user
bamboo	user
BarAgent	user
bardakov	user
baroquebobcat	user
bastibe	user
bastos	user
bchang	user
bdalton	user
Benabik	user
bh0085	user
bihaiko	user
BlackRock	user
bog1978	user
bpollack	user
brennancheung	user
brunogamacatao	user
btoffoli	user
bubaflub	user
bubbaloo	user
bunions1	user
bwobbones	user
c0d3m4st4	user
c42n4l	user
calebocean	user
carcer	user
Carslove54	user
carsongross	user
catbert	user
cgay	user
charuJain	user
chemone	user
chorfa672m	user
ckozus	user
Claus1	user
cneuwirt	user
CodingUnit	user
coryfoo	user
craignicol	user
cstrahan	user
cthulhuology	user
cuberata	user
czheji	user
daeken	user
dagda1	user
danwoodhead	user
darkneoz	user
DarrylT	user
daskterpthrad	user
daviddipalma	user
dawsonsystems	user
DeathNeos	user
dekz	user
deltaluca	user
dima-starosud	user
dinamita4922	user
dmsh	user
DNKROZ	user
don-reba	user
dotnetarchitects	user
doublec	user
Dreigs	user
DSkywalk	user
dtolabs	user
dumitru-petrusca	user
duzy	user
dybite	user
dylan-lang	user
Ealdor	user
eczarny	user
EdZilla	user
eipipuz	user
elur24	user
emmekappa	user
emperon	user
emuiba	user
EnoX1	user
erg	user
erichocean	user
erikcharlebois	user
erikvanbrakel	user
erwins22	user
et4te	user
eungju	user
evanrichter	user
ex-rzr	user
extrem69	user
factor	user
febus	user
fen	user
Firebie	user
Firestorm552	user
flarelee	user
forthnutter	user
fperrad	user
francescoagati	user
Frogggy	user
fuentesjr	user
fumetasing	user
gbenatti	user
geoffreyd	user
georgerogers42	user
gerdr	user
glidesurfer	user
goneri	user
gonmaster	user
gosu-lang	user
Grayson	user
GunioRobot	user
HalfMadDad	user
hannesm	user
hanshu	user
Haofei	user
hoffmanc	user
hokan	user
housel	user
ianxm	user
igrigorik	user
immani	user
ircubic	user
ismsanmar	user
itfrombit	user
jackowayed	user
janus	user
jasononeil	user
jb10797	user
jbevain-forks	user
jckarter	user
jgranick	user
jimmack1963	user
jlepak	user
joangib	user
johkra	user
jojoblaze	user
jolurope	user
jonenst	user
jonmarimba	user
jpmaglutac	user
jraq	user
jsallis	user
jsyedidia	user
juanplopes	user
justsz	user
k7f	user
ka3a4ok	user
Kalon	user
Kalushin	user
karak	user
keijiro	user
kernigh	user
Kerogi	user
kevinbirch	user
kingarawana	user
knightsolidus	user
kprevas	user
krewz	user
KrisShannon	user
krono	user
krosk93	user
kstephens	user
kukoo	user
kuksool	user
kupaev	user
laskaridis	user
lateau	user
leemhenson	user
lennonjesus	user
LeonKeijzer	user
leozacha	user
letolabs	user
Lexxws	user
lidaobing	user
LittleForker	user
llopisillo	user
LoganBarnett	user
loudockstader	user
luajalla	user
lucastex	user
luciferfran	user
maleficarum	user
Mart-Bogdan	user
massimiliano-mantione	user
massiveinteractive	user
mattknox	user
mawek	user
MaximTrushin	user
mcandre	user
mconnell	user
medlefsen	user
Memetix	user
metaperl	user
mhennemeyer	user
michalbcz	user
mikbe	user
mildred	user
mirah	user
mitzimon09	user
mj41	user
mlangsworth	user
mlei	user
mor02	user
mrjbq7	user
muhmi	user
mvba	user
myobie	user
NathanNeff	user
nbrown	user
Nearsoft	user
Nemo157	user
newcontext-bbh	user
nickik	user
nico33	user
nigthwatch	user
nkmajeti	user
NN---	user
nol888	user
Nome-Skavinski	user
norushieol	user
NotFound	user
nu	user
NZHawk	user
ognen	user
olsonjeffery	user
originalone	user
Ornella	user
oscarsephiroth	user
otaku1818	user
otoburb	user
ourben	user
pantuk	user
ParaCoder	user
parrot	user
partcl	user
patodegoma	user
patrickt	user
pauluchin	user
Pelso49	user
perl6	user
philiplaureano	user
philip-searle	user
phred	user
pitu205	user
piyushranjan	user
plobsing	user
prexer	user
promovicz	user
Psmaniaco	user
pthrasher	user
quezardilla	user
R4MIR3Zz	user
rampelstinskin	user
RastaEOL	user
Rekamux	user
rgcb	user
rh	user
rien	user
rincewind	user
rkitts	user
roxchkplusony	user
rrees	user
rsaarelm	user
rsdn	user
rswarbrick	user
rubio00075	user
rubygeeks	user
rulicos	user
rush389	user
russellallen	user
ruz	user
rydre	user
saidai-no	user
samueltardieu	user
sboubaker	user
sdegutis	user
ser8210	user
Shadowfiend	user
shadyproject	user
shepheb	user
skynet183	user
slatis	user
slavapestov	user
smartnut007	user
smoothdeveloper	user
sonyfanboy	user
sproaty	user
stephenalindsay	user
steveofficer	user
Stitchous	user
stmichaelis	user
Tak	user
tecague	user
technomancy	user
Telecom-Robotics	user
tenshou	user
tgunr	user
thomaslee	user
ticking	user
TillolasEOL	user
timburks	user
tisk	user
toddWallentine	user
TovarishN	user
trawor	user
trevor-morris	user
Trovarius	user
TSC-EOL	user
txus	user
umn-enhs	user
unchauncha	user
Unity-Technologies	user
Vect	user
vicdejor	user
vicoapp	user
VladD2	user
wachipey	user
wallflow	user
watertree	user
wats	user
waywardmonkeys	user
wccrawford	user
Whiteknight	user
willy88	user
woodie	user
worg	user
wutzi15	user
x6j8x	user
xerpi	user
xShiFT	user
xxVisorxx	user
yac	user
yangsiwei880813	user
yellowsnow	user
yipstar	user
yuumi3	user
zapnap	user
zarlen	user
Ziaw	user
